,Ingredient,URL
0,oliban,https://www.olfastory.com/matiere/oliban
1,vanille,https://www.olfastory.com/matiere/vanille
2,ambre,https://www.olfastory.com/matiere/ambre
3,feve-tonka,https://www.olfastory.com/matiere/feve-tonka
4,fleur-de-cerisier,https://www.olfastory.com/matiere/fleur-de-cerisier
5,the,https://www.olfastory.com/matiere/the
6,rose,https://www.olfastory.com/matiere/rose
7,cerise,https://www.olfastory.com/matiere/cerise
8,muscs-blancs,https://www.olfastory.com/matiere/muscs-blancs
9,eau-de-rose,https://www.olfastory.com/matiere/eau-de-rose
10,litchi,https://www.olfastory.com/matiere/litchi
11,cassis,https://www.olfastory.com/matiere/cassis
12,neroli,https://www.olfastory.com/matiere/neroli
13,vetiver,https://www.olfastory.com/matiere/vetiver
14,miel,https://www.olfastory.com/matiere/miel
15,mandarine,https://www.olfastory.com/matiere/mandarine
16,basilic,https://www.olfastory.com/matiere/basilic
17,notes-boisees,https://www.olfastory.com/matiere/notes-boisees
18,bergamote,https://www.olfastory.com/matiere/bergamote
19,petitgrain,https://www.olfastory.com/matiere/petitgrain
20,figuier,https://www.olfastory.com/matiere/figuier
21,figue,https://www.olfastory.com/matiere/figue
22,cedre,https://www.olfastory.com/matiere/cedre
23,pivoine,https://www.olfastory.com/matiere/pivoine
24,ylang-ylang,https://www.olfastory.com/matiere/ylang-ylang
25,tangerine,https://www.olfastory.com/matiere/tangerine
26,cardamome,https://www.olfastory.com/matiere/cardamome
27,lavande,https://www.olfastory.com/matiere/lavande
28,feuille-de-violette,https://www.olfastory.com/matiere/feuille-de-violette
29,sauge-sclaree,https://www.olfastory.com/matiere/sauge-sclaree
30,benjoin,https://www.olfastory.com/matiere/benjoin
31,patchouli,https://www.olfastory.com/matiere/patchouli
32,gingembre,https://www.olfastory.com/matiere/gingembre
33,baies-de-genevrier,https://www.olfastory.com/matiere/baies-de-genevrier
34,geranium,https://www.olfastory.com/matiere/geranium
35,citron,https://www.olfastory.com/matiere/citron
36,notes-fleuries,https://www.olfastory.com/matiere/notes-fleuries
37,fleur-doranger,https://www.olfastory.com/matiere/fleur-doranger
38,grenade,https://www.olfastory.com/matiere/grenade
39,fleurs-blanches,https://www.olfastory.com/matiere/fleurs-blanches
40,frangipanier,https://www.olfastory.com/matiere/frangipanier
41,gardenia,https://www.olfastory.com/matiere/gardenia
42,jasmin,https://www.olfastory.com/matiere/jasmin
43,tubereuse,https://www.olfastory.com/matiere/tubereuse
44,osmanthus,https://www.olfastory.com/matiere/osmanthus
45,musc,https://www.olfastory.com/matiere/musc
46,narcisse,https://www.olfastory.com/matiere/narcisse
47,palo-santo,https://www.olfastory.com/matiere/palo-santo
48,note-marine,https://www.olfastory.com/matiere/note-marine
49,calypsone,https://www.olfastory.com/matiere/calypsone
50,noix-de-muscade,https://www.olfastory.com/matiere/noix-de-muscade
51,pin,https://www.olfastory.com/matiere/pin
52,santal,https://www.olfastory.com/matiere/santal
53,poivre-rose,https://www.olfastory.com/matiere/poivre-rose
54,iris,https://www.olfastory.com/matiere/iris
55,framboise,https://www.olfastory.com/matiere/framboise
56,agrumes,https://www.olfastory.com/matiere/agrumes
57,pistache,https://www.olfastory.com/matiere/pistache
58,olivier,https://www.olfastory.com/matiere/olivier
59,note-verte,https://www.olfastory.com/matiere/note-verte
60,amande-amere,https://www.olfastory.com/matiere/amande-amere
61,encens,https://www.olfastory.com/matiere/encens
62,cuir,https://www.olfastory.com/matiere/cuir
63,barbe-papa,https://www.olfastory.com/matiere/barbe-papa
64,myrtille,https://www.olfastory.com/matiere/myrtille
65,poire,https://www.olfastory.com/matiere/poire
66,peche,https://www.olfastory.com/matiere/peche
67,macaron,https://www.olfastory.com/matiere/macaron
68,pomme,https://www.olfastory.com/matiere/pomme
69,poivre,https://www.olfastory.com/matiere/poivre
70,bois-de-chene,https://www.olfastory.com/matiere/bois-de-chene
71,noix-de-coco,https://www.olfastory.com/matiere/noix-de-coco
72,bois-de-cachemire,https://www.olfastory.com/matiere/bois-de-cachemire
73,notes-orientales,https://www.olfastory.com/matiere/notes-orientales
74,girofle,https://www.olfastory.com/matiere/girofle
75,oud,https://www.olfastory.com/matiere/oud
76,mangue,https://www.olfastory.com/matiere/mangue
77,safran,https://www.olfastory.com/matiere/safran
78,caramel,https://www.olfastory.com/matiere/caramel
79,sel,https://www.olfastory.com/matiere/sel
80,chevrefeuille,https://www.olfastory.com/matiere/chevrefeuille
81,magnolia,https://www.olfastory.com/matiere/magnolia
82,aldehydes,https://www.olfastory.com/matiere/aldehydes
83,ambrette,https://www.olfastory.com/matiere/ambrette
84,bois,https://www.olfastory.com/matiere/bois
85,lotus,https://www.olfastory.com/matiere/lotus
86,datura,https://www.olfastory.com/matiere/datura
87,eucalyptus,https://www.olfastory.com/matiere/eucalyptus
88,cypres,https://www.olfastory.com/matiere/cypres
89,pamplemousse,https://www.olfastory.com/matiere/pamplemousse
90,ozone,https://www.olfastory.com/matiere/ozone
91,bois-de-gaiac,https://www.olfastory.com/matiere/bois-de-gaiac
92,popcorn,https://www.olfastory.com/matiere/popcorn
93,notes-de-pluie,https://www.olfastory.com/matiere/notes-de-pluie
94,lilas,https://www.olfastory.com/matiere/lilas
95,ambroxan,https://www.olfastory.com/matiere/ambroxan
96,notes-fumees,https://www.olfastory.com/matiere/notes-fumees
97,angelique,https://www.olfastory.com/matiere/angelique
98,gentiane,https://www.olfastory.com/matiere/gentiane
99,fenouil,https://www.olfastory.com/matiere/fenouil
100,epices,https://www.olfastory.com/matiere/epices
101,baume-perou,https://www.olfastory.com/matiere/baume-perou
102,cannabis,https://www.olfastory.com/matiere/cannabis
103,mate,https://www.olfastory.com/matiere/mate
104,mousse-de-chene,https://www.olfastory.com/matiere/mousse-de-chene
105,cedrat,https://www.olfastory.com/matiere/cedrat
106,,https://www.olfastory.com/
107,notes-minerales,https://www.olfastory.com/matiere/notes-minerales
108,absinthe,https://www.olfastory.com/matiere/absinthe
109,menthe,https://www.olfastory.com/matiere/menthe
110,bigarade,https://www.olfastory.com/matiere/bigarade
111,pois-de-senteur,https://www.olfastory.com/matiere/pois-de-senteur
112,prune,https://www.olfastory.com/matiere/prune
113,cannelle,https://www.olfastory.com/matiere/cannelle
114,fraise,https://www.olfastory.com/matiere/fraise
115,muguet,https://www.olfastory.com/matiere/muguet
116,bois-ambres,https://www.olfastory.com/matiere/bois-ambres
117,freesia,https://www.olfastory.com/matiere/freesia
118,cashmeran,https://www.olfastory.com/matiere/cashmeran
119,chataigne,https://www.olfastory.com/matiere/chataigne
120,cognac,https://www.olfastory.com/matiere/cognac
121,chene,https://www.olfastory.com/matiere/chene
122,badiane,https://www.olfastory.com/matiere/badiane
123,orange,https://www.olfastory.com/matiere/orange
124,bourgeon-de-cassis,https://www.olfastory.com/matiere/bourgeon-de-cassis
125,violette,https://www.olfastory.com/matiere/violette
126,amande,https://www.olfastory.com/matiere/amande
127,cafe,https://www.olfastory.com/matiere/cafe
128,cacao,https://www.olfastory.com/matiere/cacao
129,praline,https://www.olfastory.com/matiere/praline
130,tabac,https://www.olfastory.com/matiere/tabac
131,kiwi,https://www.olfastory.com/matiere/kiwi
132,ciste,https://www.olfastory.com/matiere/ciste
133,davana,https://www.olfastory.com/matiere/davana
134,nenuphar,https://www.olfastory.com/matiere/nenuphar
135,ananas,https://www.olfastory.com/matiere/ananas
136,ambre-gris,https://www.olfastory.com/matiere/ambre-gris
137,undefined,https://www.olfastory.com/matiere/undefined
138,sucre,https://www.olfastory.com/matiere/sucre
139,feuille-de-vigne,https://www.olfastory.com/matiere/feuille-de-vigne
140,orchidee,https://www.olfastory.com/matiere/orchidee
141,lavandin,https://www.olfastory.com/matiere/lavandin
142,fruits-rouges,https://www.olfastory.com/matiere/fruits-rouges
143,mirabelle,https://www.olfastory.com/matiere/mirabelle
144,dattes,https://www.olfastory.com/matiere/dattes
145,acajou,https://www.olfastory.com/matiere/acajou
146,groseille,https://www.olfastory.com/matiere/groseille
147,anis,https://www.olfastory.com/matiere/anis
148,lait-damande,https://www.olfastory.com/matiere/lait-damande
149,maninka,https://www.olfastory.com/matiere/maninka
150,akigalawoodr,https://www.olfastory.com/matiere/akigalawoodr
151,noir,https://www.olfastory.com/matiere/noir
152,chocolat,https://www.olfastory.com/matiere/chocolat
153,noisette,https://www.olfastory.com/matiere/noisette
154,aubepine,https://www.olfastory.com/matiere/aubepine
155,opopanax,https://www.olfastory.com/matiere/opopanax
156,nashi-pear,https://www.olfastory.com/matiere/nashi-pear
157,reglisse,https://www.olfastory.com/matiere/reglisse
158,mimosa,https://www.olfastory.com/matiere/mimosa
159,mousse-darbre,https://www.olfastory.com/matiere/mousse-darbre
160,lait-chaud,https://www.olfastory.com/matiere/lait-chaud
161,coumarine,https://www.olfastory.com/matiere/coumarine
162,citronnelle,https://www.olfastory.com/matiere/citronnelle
163,cypriol,https://www.olfastory.com/matiere/cypriol
164,piment,https://www.olfastory.com/matiere/piment
165,romarin,https://www.olfastory.com/matiere/romarin
166,lentisque,https://www.olfastory.com/matiere/lentisque
167,note-fruitee,https://www.olfastory.com/matiere/note-fruitee
168,jacinthe,https://www.olfastory.com/matiere/jacinthe
169,armoise,https://www.olfastory.com/matiere/armoise
170,daim,https://www.olfastory.com/matiere/daim
171,tiare,https://www.olfastory.com/matiere/tiare
172,poivre-noir,https://www.olfastory.com/matiere/poivre-noir
173,notes-solaires,https://www.olfastory.com/matiere/notes-solaires
174,accord-herbe-de-bison,https://www.olfastory.com/matiere/accord-herbe-de-bison
175,melon,https://www.olfastory.com/matiere/melon
176,rhum,https://www.olfastory.com/matiere/rhum
177,reine-de-la-nuit,https://www.olfastory.com/matiere/reine-de-la-nuit
178,fruits-exotiques,https://www.olfastory.com/matiere/fruits-exotiques
179,guimauve,https://www.olfastory.com/matiere/guimauve
180,tilleul,https://www.olfastory.com/matiere/tilleul
181,baume,https://www.olfastory.com/matiere/baume
182,yuzu,https://www.olfastory.com/matiere/yuzu
183,pasteque,https://www.olfastory.com/matiere/pasteque
184,rhubarbe,https://www.olfastory.com/matiere/rhubarbe
185,elemi,https://www.olfastory.com/matiere/elemi
186,sorbet,https://www.olfastory.com/matiere/sorbet
187,heliotrope,https://www.olfastory.com/matiere/heliotrope
188,notes-metaliques,https://www.olfastory.com/matiere/notes-metaliques
189,algue,https://www.olfastory.com/matiere/algue
190,celeri,https://www.olfastory.com/matiere/celeri
191,myrte,https://www.olfastory.com/matiere/myrte
192,resine,https://www.olfastory.com/matiere/resine
193,pitaya,https://www.olfastory.com/matiere/pitaya
194,pomme-damour,https://www.olfastory.com/matiere/pomme-damour
195,lierre,https://www.olfastory.com/matiere/lierre
196,abricot,https://www.olfastory.com/matiere/abricot
197,truffe,https://www.olfastory.com/matiere/truffe
198,oeillet,https://www.olfastory.com/matiere/oeillet
199,baume-tolu,https://www.olfastory.com/matiere/baume-tolu
200,civette,https://www.olfastory.com/matiere/civette
201,sesame,https://www.olfastory.com/matiere/sesame
202,coriandre,https://www.olfastory.com/matiere/coriandre
203,fir-balsam,https://www.olfastory.com/matiere/fir-balsam
204,labdanum,https://www.olfastory.com/matiere/labdanum
205,sel-de-mer,https://www.olfastory.com/matiere/sel-de-mer
206,mure,https://www.olfastory.com/matiere/mure
207,verveine,https://www.olfastory.com/matiere/verveine
208,carvi,https://www.olfastory.com/matiere/carvi
209,clementine,https://www.olfastory.com/matiere/clementine
210,baies-roses,https://www.olfastory.com/matiere/baies-roses
211,bambou,https://www.olfastory.com/matiere/bambou
212,pittosporum,https://www.olfastory.com/matiere/pittosporum
213,ebene,https://www.olfastory.com/matiere/ebene
214,thym,https://www.olfastory.com/matiere/thym
215,amyris,https://www.olfastory.com/matiere/amyris
216,laurier,https://www.olfastory.com/matiere/laurier
217,coing,https://www.olfastory.com/matiere/coing
218,iso-e-super,https://www.olfastory.com/matiere/iso-e-super
219,curcuma,https://www.olfastory.com/matiere/curcuma
220,papaye,https://www.olfastory.com/matiere/papaye
221,trefle,https://www.olfastory.com/matiere/trefle
222,cappuccino,https://www.olfastory.com/matiere/cappuccino
223,limette,https://www.olfastory.com/matiere/limette
224,immortelle,https://www.olfastory.com/matiere/immortelle
225,dahlia,https://www.olfastory.com/matiere/dahlia
226,lie-de-vin,https://www.olfastory.com/matiere/lie-de-vin
227,cumin,https://www.olfastory.com/matiere/cumin
228,cire-dabeille,https://www.olfastory.com/matiere/cire-dabeille
229,mugu,https://www.olfastory.com/matiere/mugu
230,orcanox,https://www.olfastory.com/matiere/orcanox
231,castoreum,https://www.olfastory.com/matiere/castoreum
232,champagne-rose,https://www.olfastory.com/matiere/champagne-rose
233,carotte,https://www.olfastory.com/matiere/carotte
234,camomille-romaine,https://www.olfastory.com/matiere/camomille-romaine
235,pavot,https://www.olfastory.com/matiere/pavot
236,feuille-de-mandarinier,https://www.olfastory.com/matiere/feuille-de-mandarinier
237,mangoustan,https://www.olfastory.com/matiere/mangoustan
238,fleurs-exotiques,https://www.olfastory.com/matiere/fleurs-exotiques
239,raisin,https://www.olfastory.com/matiere/raisin
240,cannellier-feuille,https://www.olfastory.com/matiere/cannellier-feuille
241,hibiscus,https://www.olfastory.com/matiere/hibiscus
242,bois-de-rose,https://www.olfastory.com/matiere/bois-de-rose
243,quisqualier,https://www.olfastory.com/matiere/quisqualier
244,galbanum,https://www.olfastory.com/matiere/galbanum
245,sable-chaud,https://www.olfastory.com/matiere/sable-chaud
246,fleurs-de-palmier,https://www.olfastory.com/matiere/fleurs-de-palmier
247,baies-de-goji,https://www.olfastory.com/matiere/baies-de-goji
248,dulce-de-leche,https://www.olfastory.com/matiere/dulce-de-leche
249,fruits-deau,https://www.olfastory.com/matiere/fruits-deau
250,shiso,https://www.olfastory.com/matiere/shiso
251,bois-de-hetre,https://www.olfastory.com/matiere/bois-de-hetre
252,lys,https://www.olfastory.com/matiere/lys
253,myrrhe,https://www.olfastory.com/matiere/myrrhe
254,ginseng,https://www.olfastory.com/matiere/ginseng
255,fruits-de-la-passion,https://www.olfastory.com/matiere/fruits-de-la-passion
256,vanilline,https://www.olfastory.com/matiere/vanilline
257,notes-poudrees,https://www.olfastory.com/matiere/notes-poudrees
258,genet,https://www.olfastory.com/matiere/genet
259,bellini,https://www.olfastory.com/matiere/bellini
260,tulipe,https://www.olfastory.com/matiere/tulipe
261,silex,https://www.olfastory.com/matiere/silex
262,belle-de-nuit,https://www.olfastory.com/matiere/belle-de-nuit
263,buchu,https://www.olfastory.com/matiere/buchu
264,limoncello,https://www.olfastory.com/matiere/limoncello
265,accord-aromatique,https://www.olfastory.com/matiere/accord-aromatique
266,hedione,https://www.olfastory.com/matiere/hedione
267,aneth,https://www.olfastory.com/matiere/aneth
268,pruneau,https://www.olfastory.com/matiere/pruneau
269,cranberry,https://www.olfastory.com/matiere/cranberry
270,fleur-de-citronnier,https://www.olfastory.com/matiere/fleur-de-citronnier
271,dihydromyrcenol,https://www.olfastory.com/matiere/dihydromyrcenol
272,mojito,https://www.olfastory.com/matiere/mojito
273,goyave,https://www.olfastory.com/matiere/goyave
274,riz,https://www.olfastory.com/matiere/riz
275,gurjan,https://www.olfastory.com/matiere/gurjan
276,poudre-canon,https://www.olfastory.com/matiere/poudre-canon
277,feuilles-dajonc,https://www.olfastory.com/matiere/feuilles-dajonc
278,fruits-secs,https://www.olfastory.com/matiere/fruits-secs
279,styrax,https://www.olfastory.com/matiere/styrax
280,eau-de-vie,https://www.olfastory.com/matiere/eau-de-vie
281,caviar,https://www.olfastory.com/matiere/caviar
282,glycine,https://www.olfastory.com/matiere/glycine
283,kumquat,https://www.olfastory.com/matiere/kumquat
284,notes-rosees,https://www.olfastory.com/matiere/notes-rosees
285,bouleau,https://www.olfastory.com/matiere/bouleau
286,feuille-de-tomate,https://www.olfastory.com/matiere/feuille-de-tomate
287,pina-colada,https://www.olfastory.com/matiere/pina-colada
288,cassie,https://www.olfastory.com/matiere/cassie
289,champagne,https://www.olfastory.com/matiere/champagne
290,hortensia,https://www.olfastory.com/matiere/hortensia
291,marjolaine,https://www.olfastory.com/matiere/marjolaine
292,eau-de-mer,https://www.olfastory.com/matiere/eau-de-mer
293,orange-verte,https://www.olfastory.com/matiere/orange-verte
294,corbeille-de-fruits,https://www.olfastory.com/matiere/corbeille-de-fruits
295,concombre,https://www.olfastory.com/matiere/concombre
296,paradisone,https://www.olfastory.com/matiere/paradisone
297,cyclamen,https://www.olfastory.com/matiere/cyclamen
298,foin,https://www.olfastory.com/matiere/foin
299,cade,https://www.olfastory.com/matiere/cade
300,jonquille,https://www.olfastory.com/matiere/jonquille
301,evernyl,https://www.olfastory.com/matiere/evernyl
302,costus,https://www.olfastory.com/matiere/costus
303,estragon,https://www.olfastory.com/matiere/estragon
304,seringa,https://www.olfastory.com/matiere/seringa
305,calamus,https://www.olfastory.com/matiere/calamus
306,oxyde-de-rose,https://www.olfastory.com/matiere/oxyde-de-rose
307,note-animale,https://www.olfastory.com/matiere/note-animale
308,musc-tonkin,https://www.olfastory.com/matiere/musc-tonkin
309,hysope,https://www.olfastory.com/matiere/hysope
310,champaca,https://www.olfastory.com/matiere/champaca
311,cascarille,https://www.olfastory.com/matiere/cascarille
312,accord-chypre,https://www.olfastory.com/matiere/accord-chypre
313,tagete,https://www.olfastory.com/matiere/tagete
314,karo-karounde,https://www.olfastory.com/matiere/karo-karounde
315,note-aqueuse,https://www.olfastory.com/matiere/note-aqueuse
316,lemongrass,https://www.olfastory.com/matiere/lemongrass
317,macis,https://www.olfastory.com/matiere/macis
318,animalis,https://www.olfastory.com/matiere/animalis
319,pure-malt,https://www.olfastory.com/matiere/pure-malt
320,nectarine,https://www.olfastory.com/matiere/nectarine
321,banane,https://www.olfastory.com/matiere/banane
322,notes-suaves,https://www.olfastory.com/matiere/notes-suaves
323,notes-balsamiques,https://www.olfastory.com/matiere/notes-balsamiques
324,dragee,https://www.olfastory.com/matiere/dragee
325,feuille-de-cedre,https://www.olfastory.com/matiere/feuille-de-cedre
326,pain,https://www.olfastory.com/matiere/pain
