ID,Ingredient
1,oliban
2,vanille
3,ambre
4,feve-tonka
5,fleur-de-cerisier
6,the
7,rose
8,cerise
9,muscs-blancs
10,eau-de-rose
11,litchi
12,cassis
13,neroli
14,vetiver
15,miel
16,mandarine
17,basilic
18,notes-boisees
19,bergamote
20,petitgrain
21,figuier
22,figue
23,cedre
24,pivoine
25,ylang-ylang
26,tangerine
27,cardamome
28,lavande
29,feuille-de-violette
30,sauge-sclaree
31,benjoin
32,patchouli
33,gingembre
34,baies-de-genevrier
35,geranium
36,citron
37,notes-fleuries
38,fleur-doranger
39,grenade
40,fleurs-blanches
41,frangipanier
42,gardenia
43,jasmin
44,tubereuse
45,osmanthus
46,musc
47,narcisse
48,palo-santo
49,note-marine
50,calypsone
51,noix-de-muscade
52,pin
53,santal
54,poivre-rose
55,iris
56,framboise
57,agrumes
58,pistache
59,olivier
60,note-verte
61,amande-amere
62,encens
63,cuir
64,barbe-papa
65,myrtille
66,poire
67,peche
68,macaron
69,pomme
70,poivre
71,bois-de-chene
72,noix-de-coco
73,bois-de-cachemire
74,notes-orientales
75,girofle
76,oud
77,mangue
78,safran
79,caramel
80,sel
81,chevrefeuille
82,magnolia
83,aldehydes
84,ambrette
85,bois
86,lotus
87,datura
88,eucalyptus
89,cypres
90,pamplemousse
91,ozone
92,bois-de-gaiac
93,popcorn
94,notes-de-pluie
95,lilas
96,ambroxan
97,notes-fumees
98,angelique
99,gentiane
100,fenouil
101,epices
102,baume-perou
103,cannabis
104,mate
105,mousse-de-chene
106,cedrat
107,
108,notes-minerales
109,absinthe
110,menthe
111,bigarade
112,pois-de-senteur
113,prune
114,cannelle
115,fraise
116,muguet
117,bois-ambres
118,freesia
119,cashmeran
120,chataigne
121,cognac
122,chene
123,badiane
124,orange
125,bourgeon-de-cassis
126,violette
127,amande
128,cafe
129,cacao
130,praline
131,tabac
132,kiwi
133,ciste
134,davana
135,nenuphar
136,ananas
137,ambre-gris
138,undefined
139,sucre
140,feuille-de-vigne
141,orchidee
142,lavandin
143,fruits-rouges
144,mirabelle
145,dattes
146,acajou
147,groseille
148,anis
149,lait-damande
150,maninka
151,akigalawoodr
152,noir
153,chocolat
154,noisette
155,aubepine
156,opopanax
157,nashi-pear
158,reglisse
159,mimosa
160,mousse-darbre
161,lait-chaud
162,coumarine
163,citronnelle
164,cypriol
165,piment
166,romarin
167,lentisque
168,note-fruitee
169,jacinthe
170,armoise
171,daim
172,tiare
173,poivre-noir
174,notes-solaires
175,accord-herbe-de-bison
176,melon
177,rhum
178,reine-de-la-nuit
179,fruits-exotiques
180,guimauve
181,tilleul
182,baume
183,yuzu
184,pasteque
185,rhubarbe
186,elemi
187,sorbet
188,heliotrope
189,notes-metaliques
190,algue
191,celeri
192,myrte
193,resine
194,pitaya
195,pomme-damour
196,lierre
197,abricot
198,truffe
199,oeillet
200,baume-tolu
201,civette
202,sesame
203,coriandre
204,fir-balsam
205,labdanum
206,sel-de-mer
207,mure
208,verveine
209,carvi
210,clementine
211,baies-roses
212,bambou
213,pittosporum
214,ebene
215,thym
216,amyris
217,laurier
218,coing
219,iso-e-super
220,curcuma
221,papaye
222,trefle
223,cappuccino
224,limette
225,immortelle
226,dahlia
227,lie-de-vin
228,cumin
229,cire-dabeille
230,mugu
231,orcanox
232,castoreum
233,champagne-rose
234,carotte
235,camomille-romaine
236,pavot
237,feuille-de-mandarinier
238,mangoustan
239,fleurs-exotiques
240,raisin
241,cannellier-feuille
242,hibiscus
243,bois-de-rose
244,quisqualier
245,galbanum
246,sable-chaud
247,fleurs-de-palmier
248,baies-de-goji
249,dulce-de-leche
250,fruits-deau
251,shiso
252,bois-de-hetre
253,lys
254,myrrhe
255,ginseng
256,fruits-de-la-passion
257,vanilline
258,notes-poudrees
259,genet
260,bellini
261,tulipe
262,silex
263,belle-de-nuit
264,buchu
265,limoncello
266,accord-aromatique
267,hedione
268,aneth
269,pruneau
270,cranberry
271,fleur-de-citronnier
272,dihydromyrcenol
273,mojito
274,goyave
275,riz
276,gurjan
277,poudre-canon
278,feuilles-dajonc
279,fruits-secs
280,styrax
281,eau-de-vie
282,caviar
283,glycine
284,kumquat
285,notes-rosees
286,bouleau
287,feuille-de-tomate
288,pina-colada
289,cassie
290,champagne
291,hortensia
292,marjolaine
293,eau-de-mer
294,orange-verte
295,corbeille-de-fruits
296,concombre
297,paradisone
298,cyclamen
299,foin
300,cade
301,jonquille
302,evernyl
303,costus
304,estragon
305,seringa
306,calamus
307,oxyde-de-rose
308,note-animale
309,musc-tonkin
310,hysope
311,champaca
312,cascarille
313,accord-chypre
314,tagete
315,karo-karounde
316,note-aqueuse
317,lemongrass
318,macis
319,animalis
320,pure-malt
321,nectarine
322,banane
323,notes-suaves
324,notes-balsamiques
325,dragee
326,feuille-de-cedre
327,pain
